{"path": {"kpts": {"__ndarray__": [[20, 3], "float64", [0.0, 0.0, 0.0, 0.08333331198029392, 0.0, 0.08333331198029392, 0.16666669467126596, 0.0, 0.16666669467126596, 0.2500000066515599, 0.0, 0.2500000066515599, 0.33333331863185384, 0.0, 0.33333331863185384, 0.4166667013228259, 0.0, 0.4166667013228259, 0.5000000133031198, 0.0, 0.5000000133031198, 0.5000000133031198, 0.08333331198029392, 0.5833333252834138, 0.5000000133031198, 0.16666669467126596, 0.6666667079743859, 0.5000000133031198, 0.2500000066515599, 0.7500000199546798, 0.4374999762848908, 0.3124999729591108, 0.7499999492440016, 0.3750000099773399, 0.3750000099773399, 0.7500000199546798, 0.32812498221366804, 0.32812498221366804, 0.6562499644273361, 0.28125002516067443, 0.28125002516067443, 0.5625000503213489, 0.23437499739700263, 0.23437499739700263, 0.46874999479400525, 0.18749996963333085, 0.18749996963333085, 0.3749999392666617, 0.14062501258033722, 0.14062501258033722, 0.28125002516067443, 0.09374998481666542, 0.09374998481666542, 0.18749996963333085, 0.04687502776367177, 0.04687502776367177, 0.09375005552734354, 0.0, 0.0, 0.0]]}, "special_points": {"G": {"__ndarray__": [[3], "float64", [0.0, 0.0, 0.0]]}, "K": {"__ndarray__": [[3], "float64", [0.375, 0.375, 0.75]]}, "L": {"__ndarray__": [[3], "float64", [0.5, 0.5, 0.5]]}, "U": {"__ndarray__": [[3], "float64", [0.625, 0.25, 0.625]]}, "W": {"__ndarray__": [[3], "float64", [0.5, 0.25, 0.75]]}, "X": {"__ndarray__": [[3], "float64", [0.5, 0.0, 0.5]]}}, "labelseq": "GXWKG", "cell": {"array": {"__ndarray__": [[3, 3], "float64", [0.0, 2.7150007544129715, 2.7150007544129715, 2.7150007544129715, 0.0, 2.7150007544129715, 2.7150007544129715, 2.7150007544129715, 0.0]]}, "__ase_objtype__": "cell"}, "__ase_objtype__": "bandpath"}, "energies": {"__ndarray__": [[1, 20, 4], "float64", [-5.7218, 6.2583, 6.2583, 6.2583, -5.6001, 5.5627, 5.8234, 5.8234, -5.2374, 4.2155, 5.0542, 5.0542, -4.6397, 2.733, 4.3529, 4.3529, -3.8166, 1.2367, 3.8233, 3.8233, -2.7862, -0.2166, 3.4974, 3.4974, -1.5742, -1.5742, 3.3874, 3.3874, -1.5357, -1.5357, 3.0798, 3.0798, -1.4533, -1.4533, 2.5921, 2.5921, -1.4092, -1.4092, 2.3832, 2.3832, -1.842, -1.0546, 2.0486, 3.1492, -1.9871, -0.9836, 1.933, 3.8163, -2.5237, -0.4609, 1.8329, 4.1752, -3.2075, 0.2219, 2.1283, 4.6084, -3.9039, 1.0603, 2.6992, 5.0752, -4.5291, 2.0464, 3.4534, 5.5162, -5.0402, 3.1662, 4.3177, 5.8714, -5.416, 4.3849, 5.2001, 6.1035, -5.6449, 5.5903, 5.9421, 6.2232, -5.7218, 6.2583, 6.2583, 6.2583]]}, "reference": 0.0, "__ase_objtype__": "bandstructure"}